doc_id,text_length
846,745
340,452
868,1533
869,2147
628,4576
339,11837
595,13849
701,15721
892,292
872,27622
910,109
915,671
888,3578
953,511
930,2617
924,4496
890,5644
874,23617
980,6266
308,21871
852,14350
1002,3739
1006,5882
344,531
1020,5365
1028,4656
1029,7795
330,460
676,8663
1051,3725
1057,845
1058,2682
307,26839
1135,3546
802,16457
600,13381
841,5760
844,22123
1152,5384
1130,13763
324,13379
746,20403
1168,7809
736,28442
678,1380
848,21117
1293,1189
784,1245
711,7154
1305,2010
1324,1325
1322,3751
1331,753
1325,8348
1359,1806
1360,1326
1363,1521
1371,409
1306,12797
1373,488
864,16994
1389,1736
851,2942
1409,655
700,26557
358,20484
1435,935
1384,9528
1408,4548
1425,6985
1438,3162
1440,4648
1441,3959
1449,1831
1485,1356
1508,607
1509,810
1488,3001
1513,1481
1514,1820
1526,2026
1527,3848
1528,714
1529,3859
808,32145
1545,1942
1546,2579
954,14091
983,7544
1548,1013
1552,256
974,8599
951,5832
1550,7842
1556,5681
1565,218
1563,449
1567,1406
1557,8374
1571,889
1560,6034
1570,6404
1573,4133
1575,8398
1566,8473
1580,335
1578,280
984,19007
1577,2388
1585,365
1588,221
1589,679
1587,1120
1581,1909
1593,936
1576,12000
1583,3530
1586,2738
1594,1063
1595,1002
1596,1001
1605,207
1606,3080
1599,2139
1592,7280
1600,4782
1615,1083
1616,1327
1617,1668
783,25236
1000,13610
1625,14975
1643,143
1642,1323
1627,12059
1017,16156
1647,483
1614,497
1613,5302
1652,6535
1654,157
1620,1721
1656,387
1655,1820
1658,474
1657,2154
1660,908
1659,770
1649,15127
1662,565
1664,669
1669,233
1661,1149
1676,1725
1683,399
1679,3422
1624,27651
1684,705
1685,1215
1700,270
1687,2466
1686,1889
1702,375
1714,150
1698,1475
1716,578
1718,624
1677,6310
1723,551
1724,1058
1729,219
1730,641
1719,5981
1732,942
1727,4712
1715,10529
856,32687
1734,2655
1738,440
1623,25438
1746,689
1751,391
1754,207
1748,2750
1752,1327
1758,818
1760,1896
1759,3814
1763,130
1761,1727
1038,19686
1764,258
1767,1596
1810,314
1789,1466
1141,38550
1235,2591
1822,12022
1825,1088
1814,16328
1247,2280
1840,861
1842,7106
1216,16556
737,32500
1148,17177
1256,8850
1239,19241
1871,3045
1828,11334
1273,24026
1880,324
1873,363
1869,1429
1875,955
1878,662
1879,655
1874,2359
1872,3747
1298,4259
1949,526
1893,3423
1208,13628
1960,244
1864,5140
1948,2272
1934,1890
1177,19485
738,28305
1644,5572
1988,3274
2021,644
2019,1203
1937,9178
2018,2149
2025,732
1955,4453
2038,325
1370,14311
2027,1211
2009,5972
594,28615
1938,19492
2063,771
1397,14278
2029,4140
2062,6922
1975,5931
2099,368
2077,958
2023,7146
2064,5523
2151,1369
2110,1187
2108,2808
2042,9151
2065,12667
2180,4975
2201,1448
1436,10910
2233,2001
2238,2222
2244,1122
2067,7280
2236,2902
2245,941
2282,1687
1520,11887
2313,1020
2274,4443
2299,2467
1540,4862
2329,129
2085,26222
2340,514
1446,11640
2176,23742
1494,20057
2363,1290
2030,29294
2339,881
2346,994
2381,155
2314,3497
1549,684
2383,1167
2372,221
1645,11031
2391,1174
2371,3302
2310,9080
2398,1012
2405,2706
2406,3045
2417,2972
2402,11563
2397,12220
2440,1928
2273,9982
2433,2892
2476,621
2422,8651
2477,848
2490,562
2466,4616
2447,7720
2510,2988
2400,18211
2514,2328
2526,446
2519,4238
2544,1272
2552,313
2543,5215
1640,16235
2583,950
2602,244
2607,1479
2608,1701
2610,1173
2609,1329
2613,1808
2619,396
2620,275
2630,157
2632,1966
2634,511
1737,1582
1749,727
2641,786
1735,18029
2640,8427
2646,950
2645,1234
2674,1336
1762,1886
2677,347
2642,16805
2679,63
2680,112
2668,3228
2685,1858
2676,7920
1755,9141
2684,225
2691,315
2686,1295
2678,7005
2700,463
2707,154
2681,1963
2692,2027
2695,2420
2714,1138
2712,1480
2716,787
2717,1803
2715,3768
2705,5944
2729,117
2740,532
2758,1867
2709,7278
2802,865
2810,391
2723,6665
2820,512
2851,3564
2234,6223
2865,2255
2868,446
2875,2216
2877,3165
2881,3102
2563,8799
2905,14490
2907,710
2908,509
2639,1717
2919,3575
2926,1672
2928,2799
1812,11693
2948,532
2944,14373
1806,22920
2988,2115
1844,10196
2999,1833
3010,2209
3013,2060
1923,1865
3020,232
3017,889
2369,9544
3022,8902
3029,3161
3043,1017
3040,7340
3055,6201
3070,6443
2076,5094
3082,1141
1859,19364
2144,14947
3075,2497
3087,437
3085,1403
3089,761
3088,352
2304,724
3122,228
2198,792
2241,11252
3125,115
3120,712
3110,2184
3132,745
3203,143
3204,634
3083,8341
3080,10255
3221,1528
3198,3291
3192,2698
3235,364
3234,192
2126,4725
1998,23642
3236,1496
3270,460
2006,27394
3269,806
3217,5740
3244,3001
3246,3867
3225,12760
3273,3089
2376,2747
3376,5521
2382,24844
3355,12980
3138,18570
3333,19552
2321,11879
2386,6780
2482,2856
2475,959
3422,1663
2425,16873
3450,2587
2512,4697
3427,5921
3451,12217
2575,13030
3457,8916
3458,19090
2511,7370
3470,19970
2722,733
2701,11553
3713,584
3719,1361
3712,8890
3740,2315
3741,5065
3722,14842
2786,6731
3772,8247
2847,20023
3780,6224
3785,588
3826,467
2893,3087
3836,738
3837,2960
3838,749
3845,8065
3869,3492
2911,1305
3873,28060
2812,1698
3947,7204
3960,7391
3963,664
3003,3259
3965,1041
3969,9084
3984,544
3455,13243
3986,24148
3992,2625
3012,9502
4001,2243
3052,5027
4010,13189
2983,48251
4027,5983
4032,3889
4037,7575
4051,565
4041,15203
4067,1622
3092,6354
4068,12006
4091,442
3079,9005
4093,60
3746,12031
4078,5797
3295,7817
3747,12602
4110,1084
4166,3691
4178,154
4182,393
4097,11612
3832,7081
3789,8344
4203,1526
3408,13897
3343,15531
3397,5102
4163,15036
4231,1955
3395,27700
3338,29099
3356,26162
4224,6306
4241,2256
4261,1828
4282,865
4242,1495
4216,4595
4227,7001
3382,24456
4249,3452
4233,2321
4366,823
4367,4643
4318,8760
4445,146
3459,9410
3415,13479
4408,10965
4326,8805
3354,23256
4385,10380
4471,4022
4312,10475
4497,3252
3383,24017
4463,12060
4481,7692
4524,1444
3464,16624
4517,3902
3466,13927
4527,8725
4548,2709
4552,5303
3463,22413
4551,6859
3454,29994
4568,1320
3462,24232
4554,4319
4569,2871
4582,6054
4607,2639
3874,1294
4572,11249
4580,7982
4608,8682
4631,3411
4601,6553
4641,1870
4622,5182
4635,3996
4644,5228
4669,294
4649,5602
3708,22502
3875,32077
4690,771
4688,4476
4689,964
4717,12571
3970,8873
4726,10493
4727,2641
3999,3844
4729,7445
4730,7533
4737,710
3985,10595
4188,3066
4752,10612
4779,4198
4789,1937
4537,10030
4797,370
4335,41317
4833,5716
4836,1736
4858,4441
4859,2044
4861,367
4800,14799
4528,4648
4870,568
4871,9295
4876,10475
4675,21822
4886,3480
4031,9004
4892,9484
4893,12368
4059,10240
4904,2197
4896,4025
4692,4860
4916,942
4158,447
4921,3804
4933,170
4930,4582
4948,1121
4942,1531
4963,462
4961,937
4969,4192
4911,17873
4982,606
4642,11260
5031,1524
4980,6041
4973,19098
4195,276
5035,4352
4157,19391
5034,10263
5033,6802
5050,2011
4173,33005
4285,8844
4237,7605
4512,1882
4492,9180
4484,7734
4443,16748
5046,16718
5215,3662
4375,18458
5322,5825
5313,5156
5397,3977
4544,1581
5233,13198
5403,10621
5314,25635
4611,1277
5447,11699
4566,10942
4561,2719
4560,7020
5551,11039
5622,9058
4626,11097
4721,19050
5646,14077
5654,9139
5688,836
4667,15647
4670,3652
5690,1135
5697,561
5648,16990
5706,479
5693,5177
5729,7954
5698,11159
5736,1067
4741,13826
5768,2841
5769,894
4728,17751
4792,15761
5790,3010
5804,4455
5813,13308
4868,9830
4860,18934
5829,4798
4878,3252
5907,11447
4917,5111
4742,2000
5959,24508
5981,12052
5048,12649
6046,10591
6066,5616
6091,434
5015,4110
6112,7873
6117,21889
5655,17416
6139,296
4960,13214
6140,12921
5771,8801
6176,24004
6185,8637
6193,3740
6208,324
6210,4603
6187,12368
5132,8342
5052,8900
6255,1790
6261,180
5142,31470
6290,1810
6250,9048
6260,14370
5478,12799
6330,1120
5321,16554
6326,1190
6331,478
6337,291
6431,688
5166,22038
6434,1058
6456,237
5422,2289
5224,30422
6427,4580
6452,5355
6451,1957
6501,6449
5488,9041
6533,1284
6503,4925
6532,3414
6539,3846
6586,483
6569,670
6293,18414
6585,2330
6561,3732
5489,18438
5222,20179
6607,2053
6639,1140
6599,5477
6548,9940
6666,929
6542,12444
6651,2233
6667,1711
6689,648
6663,4808
6724,1258
6645,7142
6715,3155
5593,20602
6778,4715
6796,167
5823,11618
5573,18549
6746,4625
6823,1629
5635,17530
5718,2435
6845,1889
6846,2247
5685,9016
6849,5457
5765,1947
6834,92
5702,19786
6878,2625
6881,6947
6852,9721
6851,24006
6788,24581
5766,29261
6941,101
6902,3889
6928,3518
6859,22582
6882,18809
7017,1892
6942,5438
7019,1302
6883,15292
5882,16235
7033,269
5884,16904
7088,33
7118,244
5950,23376
7018,15071
7105,1652
7129,5128
7131,5470
7119,6276
7104,16524
7180,955
7207,151
7213,804
7182,2864
7234,972
7235,4543
5786,15690
7246,671
7248,764
5951,23999
7305,1327
7301,10919
7342,9658
7362,2173
7383,2965
7387,2232
7400,1441
6125,7125
7434,7641
7437,571
7441,3243
7462,1562
7471,3403
6100,3504
6226,19973
7477,366
7478,1576
7485,7361
6231,9412
7504,3759
7514,153
7516,666
7517,1798
7546,2280
7525,10528
7541,5052
7554,4088
7573,1788
7585,2531
6811,9945
7604,8796
7611,1509
7233,1198
7183,1619
7628,4520
7642,568
7635,4145
7655,742
7668,7739
7672,4771
7721,1242
7728,441
7716,1359
6195,14114
7236,20023
7740,1838
7755,91
7734,3819
7732,22826
7756,5854
7775,491
7780,208
7787,667
7796,4835
7797,1290
6443,6349
7824,969
7828,1274
7833,1272
6587,6092
6310,20249
7888,2022
7886,6524
6555,13125
7901,4271
7906,1115
6653,21334
6591,14788
7935,618
7892,3610
6747,1989
5405,29568
7928,3144
6719,7502
6713,8556
7994,2717
6830,2982
8081,4789
7951,15047
8117,2368
8091,9421
8095,4093
8148,1107
8169,5515
8176,6660
6932,8449
6824,14462
8185,2125
8197,809
8083,19436
6886,28216
8193,8799
8206,3020
6991,1123
7345,9365
8205,20841
7015,3272
8299,289
7179,3406
8258,2863
6984,11668
8256,11915
7080,528
8302,7146
8253,13544
8343,960
8362,3412
8300,8001
8341,1116
8401,557
8351,4779
8419,4333
8391,16868
8437,251
8436,520
8432,1292
8459,2038
8467,780
7023,49416
8470,7699
7580,9520
7602,4287
7472,5360
8487,4446
8500,5582
8520,14302
7426,13493
7612,4653
8551,10700
6041,48
8592,21375
7550,3936
7742,20116
8617,1047
7767,2475
8623,283
7729,32642
8599,8395
8605,13121
8662,2811
8663,712
8668,1225
8642,8500
8629,15947
8695,10698
7925,23571
8716,17020
8718,1557
7810,12017
8474,25657
8756,3601
8758,2075
8769,2864
8765,10783
8774,6441
8099,13298
8783,21711
7891,18694
7952,17309
8798,987
8791,6369
8829,567
8079,9133
8833,4132
8504,17157
8839,2577
8138,4263
8837,4730
8873,398
8843,2608
8876,1403
8218,1396
8211,2246
8882,286
8885,243
8799,23496
8199,10067
8892,943
8875,953
8910,1606
8941,737
8485,20384
8060,32042
8878,2803
8940,421
8927,7245
8930,7067
8182,30356
9030,1971
8855,10961
9003,1946
8945,4015
8958,5870
8994,4444
9103,781
9099,3228
9072,7419
9039,7895
9110,2160
9129,48
9002,6008
9118,2761
9132,1271
8953,15587
9133,2586
9156,939
8209,25604
9105,13449
9138,6902
8308,2122
9055,16720
9209,1711
9164,5619
9141,6778
8340,14885
9299,3946
8397,8720
9331,4190
9232,11976
9332,6394
8425,371
8418,11329
8522,15832
9421,1375
9333,12367
8408,11236
9429,1193
9433,251
9422,557
9447,439
8481,3048
9469,1024
9424,7077
8580,22737
9483,1198
9480,4637
9356,22344
9459,2672
9420,8821
9428,15757
9498,4321
9514,2164
9482,8783
9474,20214
9553,3370
9574,2260
9591,5807
8707,2343
9603,4112
9615,7107
8618,34305
9621,1854
9627,7085
9657,2878
9658,7070
9623,14438
9674,951
9684,348
9683,1643
8545,4931
9692,232
9695,3041
9700,1226
9706,5265
9713,560
8713,3915
9724,877
9732,3523
8653,4091
9751,1395
8781,3727
9764,19472
9799,1472
9779,10562
8687,34017
9810,3478
9808,8168
9128,3243
9820,1795
9824,3667
9829,457
8729,1294
9835,7820
9839,2610
9843,7785
9857,7401
9907,2302
9911,2475
9925,284
9937,2722
9941,5330
9505,1452
9946,4297
9238,2234
9948,4509
9956,7183
9549,7846
9971,3268
9979,10729
8778,9831
10003,292
9997,6776
10017,407
9321,9653
10002,4486
10030,12876
9516,49334
10046,12505
10071,1168
10076,5714
10083,5694
8828,13961
10101,2920
10105,355
10120,920
10118,461
10119,411
8786,28201
10126,1112
9668,6132
10130,2093
10133,1310
8914,16341
9048,2172
9679,23785
8987,8003
7893,13081
10168,619
10150,3000
10169,313
10151,5559
10148,4136
10190,944
10139,8254
10191,4388
10207,1343
10217,25
10172,3577
10244,168
10204,3310
10166,13625
9123,6860
10152,11632
10193,5519
10275,297
9294,10252
10245,12057
10264,7236
9163,14063
10286,13209
10287,18178
10293,4515
10310,6474
10315,6435
10313,5364
10343,912
9366,13506
9334,29991
10361,585
10358,2533
10388,661
10391,549
9481,16503
10407,2627
10408,3129
10393,4039
10415,903
10416,477
10417,425
10419,1509
10418,380
10409,2692
10422,709
9506,2546
10421,1330
10425,298
9518,13194
9536,2455
10428,678
10427,962
10424,1093
10430,1261
10431,810
10426,2715
10434,628
10441,329
10439,367
10436,275
10435,842
10440,388
10443,506
10442,594
10445,477
10446,621
10447,588
10448,511
10449,553
10453,784
10451,1087
10454,1101
10455,677
10456,735
10457,365
10460,431
10458,312
10462,301
10459,425
10461,755
10463,584
10464,399
10466,1279
10467,239
10468,254
10465,368
10470,500
10472,59
10475,499
10478,39
9602,20624
9723,1144
10490,474
10491,326
10492,660
10493,730
10494,400
10495,2041
10506,685
9902,2265
10518,4955
10520,11954
9942,6867
10574,846
9736,31085
10573,3095
10633,2199
10018,3767
9814,9291
9954,17015
10683,15678
10672,23989
9806,27541
10770,5056
9815,5764
10049,22197
10707,30915
10852,3982
10855,2479
10868,3770
10871,928
10896,1734
10875,3031
10909,767
10923,1536
10945,1254
10937,3266
10252,1115
10977,1096
10073,14490
10277,17382
10993,872
10989,10122
10996,1233
10997,5827
11001,6736
11015,1141
11016,668
11017,357
11022,1825
10357,5270
11028,5575
11033,17390
10085,18293
11103,151
10125,2144
11109,2087
11107,12972
11125,3150
11161,1041
11167,916
10128,13357
11169,6100
10231,44
10473,5672
10289,2695
10258,8548
11223,5037
11225,6672
11242,7570
11281,1998
11232,13826
11282,3549
11307,479
10328,2818
10354,9902
11285,14825
11358,1461
11366,131
9288,47488
11371,3728
11319,11506
11418,8257
11425,1381
11397,7143
11315,19851
10432,783
11449,1321
10292,14823
11459,338
11457,5971
11460,1521
11463,238
11469,1903
11431,7535
10450,2998
11476,1569
10452,925
11461,13526
11479,9629
11513,2526
11507,7754
11520,1210
10487,3647
11543,627
11466,25338
10482,4525
10576,20870
11551,2138
11574,1251
11603,539
11585,1745
11623,2319
10489,4243
11631,3916
11652,639
11525,18728
11638,9176
11690,261
11699,1293
11673,9785
11625,18523
10671,22795
11723,565
11701,6132
11734,9707
11736,3324
11754,226
11758,899
11740,2660
11768,2245
11778,1303
11788,277
11794,1450
10777,2630
11803,2094
11809,4538
11824,1319
11820,16161
10979,34896
11861,7867
10992,25488
11023,4863
11874,3919
10510,12545
11958,12883
11959,4526
10577,28697
10858,16017
11891,33560
11992,2725
11969,2269
11993,2640
11994,4215
11998,4388
12001,2087
12000,3975
11988,8993
12003,1949
10819,20918
12007,7684
12027,5732
10823,24911
10957,8558
12101,982
10965,2516
12103,10895
12104,11229
11238,10010
12176,11809
11181,27472
9995,33331
12218,1024
11041,7350
12216,10683
11646,24143
12231,11065
11369,11156
12234,2194
12224,20989
12248,1090
12232,5404
12250,325
12272,446
12235,2467
12277,9056
11121,23951
12285,2040
11857,8774
11194,4703
12305,1626
12308,565
12307,2875
12318,216
12309,4992
12317,1510
12332,977
12326,12854
12333,8336
12367,1940
11685,8715
11313,5604
12341,5173
12408,2477
12426,8791
11250,16466
12406,15920
12449,2962
12472,105
12479,1368
12475,3316
11458,1105
12484,429
12481,271
12480,2824
12482,624
11472,2986
12483,166
12499,740
12504,419
11448,4175
12509,2232
12511,441
12523,6145
11508,9644
12501,5851
12495,18308
12556,299
12531,7784
12557,9663
12561,3886
11530,1946
11552,721
11705,1862
12578,8085
11867,14348
12611,1880
12590,3472
12645,2465
12583,5576
12648,762
12635,19175
12646,2441
11955,22604
12651,1194
11786,10196
12677,7564
11698,16245
12665,6772
12719,462
12706,453
12707,5163
12710,7806
12743,5170
12747,1743
12674,26944
11801,2360
12750,7796
12776,2983
11968,31231
12789,13068
12775,12891
12798,389
12797,125
12804,5250
12807,1101
12099,10699
12816,901
12835,3804
12848,10875
12004,11795
12863,487
12862,4834
12867,4413
12874,668
12878,585
12881,186
12879,4986
12002,2408
12888,4869
12926,3068
12946,122
12005,4057
12955,621
12957,3683
12961,535
12963,10867
12958,20170
12975,2251
12974,245
12994,961
12964,6713
12186,30342
12067,16219
13010,4221
13015,4422
13017,4644
12102,15701
13024,4564
13032,1079
13030,2316
13039,263
13043,1176
13049,6148
12276,3499
13060,2033
13062,3258
12425,7113
13075,1378
12209,9137
13066,6415
13078,5562
13082,1661
12274,1807
13092,1388
13111,2045
13114,561
13116,236
13117,61
13076,10874
13118,1182
13126,498
13140,242
13131,833
13141,2629
13120,3696
13145,2095
13154,1713
13158,117
13156,7958
13149,5582
12405,2460
13168,1489
13172,5606
12230,3006
13253,2094
13269,112
13260,6700
12300,13235
13290,3308
12754,6607
13370,164
12478,11739
12792,1893
12521,13064
13371,17963
13383,10102
12281,20331
13433,6325
13445,3778
13436,12279
13448,366
12562,4200
13461,221
13464,533
13463,114
12454,18188
12650,7997
12566,7410
13462,4687
13486,3851
13487,9482
12576,2446
13532,1347
13545,312
13523,4697
12537,15362
13546,1833
13560,750
13467,16246
13563,1552
13585,2305
13550,5234
13578,7336
13600,11965
13616,2340
12598,25059
12730,13481
12731,17203
13623,21413
13627,11912
12740,3320
13635,1784
13628,4256
13675,1007
13647,2931
13678,538
12787,11519
13682,21112
13684,12457
13686,2287
12810,17407
13693,15780
13699,8609
13713,1000
12108,39758
13722,8050
12855,24459
13037,6103
13763,583
13011,12297
13773,121
13743,6618
13729,13810
13795,65
13793,2653
13792,4179
13765,20925
13822,221
12991,5918
12945,2673
13870,11235
13867,15409
13879,975
13881,5847
13895,701
12997,5679
13887,6387
13896,2059
13901,5454
13924,6171
13955,1091
13942,2495
13956,6167
13959,16263
13963,434
13148,13051
13969,890
13976,2159
13983,2554
13297,18359
13987,614
13985,2338
13992,331
13988,4288
14013,10592
14017,1762
14033,1587
13058,29842
14055,5555
14062,1330
13277,30255
13459,12753
14063,2349
14067,551
14064,792
14065,1648
14086,430
14068,2523
14089,1929
13171,1692
14092,2792
14130,2010
14128,7178
14135,5523
13219,11571
14159,166
14149,1486
13104,4655
14186,7724
14200,581
14142,15123
14197,9083
14205,5315
14179,19105
14227,6930
13275,27960
14279,2647
14280,14168
13394,18768
13404,12043
14293,1684
14298,771
14288,6721
14296,2967
14300,1296
13531,14417
13447,2743
13373,32147
14321,12764
14325,3839
14330,5976
14328,14091
14358,4328
14384,4750
14389,838
14408,849
14421,2954
14369,12970
14428,1284
14431,1711
14388,5210
14454,2743
13669,4604
14466,2300
13509,23218
14526,715
14467,3833
14470,6535
14527,226
13625,12034
13602,13490
14575,377
13574,3295
13820,8940
14582,5725
14591,446
13774,21783
13595,11998
13621,15068
14618,9830
14626,7857
13633,5021
14627,13134
13961,4734
14762,3894
14709,12984
13700,4601
13696,13532
14851,531
14788,7022
14858,4003
14870,1419
14875,14311
14928,604
14910,1275
13717,6897
14980,1500
14981,253
14982,2093
14985,4110
15034,1003
13810,1945
15053,1217
14045,15879
15059,1401
15088,2532
15145,6321
13830,10086
15155,17970
15192,3082
15208,2611
15225,939
15245,1567
13937,1531
15308,14493
15346,4761
15319,14965
15362,2710
14005,9484
15379,7966
15401,10917
15408,6266
13957,2811
15414,8037
15489,1389
15446,4169
15505,24178
15506,3646
14254,3761
15516,3687
15524,24121
14201,1582
15531,1179
15571,3622
14059,21870
15587,1272
15596,2646
14236,7159
14560,21590
15612,4007
14245,6354
14187,17951
15621,8891
15616,8811
15614,12108
15632,598
15630,6152
15626,18332
15645,2811
14531,21653
14573,18400
15656,1459
15657,3977
15658,5379
14631,26934
15683,3209
14751,14842
15737,3784
15740,167
15704,16045
14317,18239
15745,5267
15746,808
15747,2447
15744,7248
15768,271
14308,13906
15771,881
15766,22130
15777,15575
14331,7247
15807,1700
14446,7476
15821,5133
14457,21632
15823,23225
15826,4550
14579,16135
15830,1360
15837,3941
15839,2499
15838,6161
14814,8671
14617,28449
15870,2894
15858,12030
15879,3831
15890,10716
14894,4239
14973,12301
14937,6420
15908,1915
15912,14324
15915,26314
15898,13713
15918,2986
15229,18079
15924,15152
15526,10545
15179,22722
15357,3714
15930,14415
15943,2324
15573,13741
15948,1066
15937,14578
15435,4828
15963,604
15966,1444
15949,2674
15941,23635
15496,3937
15970,1037
15974,551
15965,4720
15978,18659
15980,31617
15993,2009
15995,1875
15997,378
15998,314
15999,1748
16003,941
16001,3992
15511,6500
16010,2008
16017,1768
16020,4522
15654,19758
16021,2392
16024,9705
16028,10867
15660,22946
15736,14860
16044,13254
14532,41051
16045,2703
16061,230
16053,4751
15644,8396
16073,1021
15600,14644
16074,6725
16077,4152
15622,8933
16092,999
15767,1046
16097,836
16094,11771
15770,11525
16099,4075
16110,1331
16103,11939
16113,910
15641,40338
16095,23105
15782,13841
16120,2140
15781,16323
16123,1746
16132,862
16129,666
16121,5414
16130,880
15825,10036
16139,804
16135,4209
16142,8554
16148,2282
15824,8606
16164,3276
15827,5471
15916,12828
16182,843
14533,16980
16153,15710
16196,1286
16167,13187
16187,11146
16206,213
16207,2468
16193,17002
16209,13691
16216,1240
14653,32117
15967,14147
15852,23040
15872,17608
15893,1795
16218,22642
16227,9718
16238,3373
16239,760
16228,6655
16005,5742
15923,5458
16247,126
16249,182
16252,5507
15919,10237
16245,25498
16253,7853
16266,876
16268,5327
15043,32563
16027,14696
15927,5969
16279,2953
16043,27037
16283,3409
15975,3322
16286,1089
16285,1504
16278,10932
16288,7289
16292,291
16291,1612
16294,4832
16302,387
16306,452
15950,18203
16305,194
15942,38774
15992,31129
16310,356
16313,833
16312,3228
16307,6469
16316,2694
16317,6190
16115,1037
16321,18519
16324,7640
16069,2493
16333,1239
16334,472
16036,9148
16329,10363
16336,6606
16046,26893
16118,12984
16339,12556
16343,2657
16341,10419
16355,561
16354,147
16346,4276
16347,961
16340,11161
16371,635
16372,624
16378,2341
16376,13219
16082,14061
16385,327
16384,4782
16382,3960
16386,373
16390,991
16393,626
16397,1469
16079,8448
16399,5828
16402,963
16407,1128
16412,3013
16403,7949
16417,520
16419,8977
16175,17054
16111,1218
16425,1312
16426,2397
16427,676
16432,956
16208,16195
16119,1574
16438,2094
16433,7487
16200,18966
16440,7295
16450,1283
16449,1288
16441,5375
16453,760
16452,2083
16459,2515
16455,9874
16460,1523
16462,97
16476,4894
16134,23868
16486,3269
16488,1348
16143,13007
16495,39
16489,3033
16498,292
16494,5904
16277,9792
16496,3342
16500,1124
16507,933
16510,410
16506,6452
16504,8648
16514,4765
16211,3798
16517,7986
16524,578
16522,1014
16530,448
16215,12193
16537,271
16289,8419
16521,5584
16546,347
16542,1812
16544,3799
16551,659
16545,5726
16554,255
16261,6505
16550,23771
16556,16145
16563,660
16240,6801
16224,8693
16568,283
16233,1965
16219,5749
16569,370
16573,3128
16295,3182
16567,25532
16584,1516
16581,3928
16578,26672
16570,7140
16308,5007
16588,2681
16639,639
16641,989
16664,1662
16623,15857
16634,16467
16708,318
16243,35382
16319,4638
16726,450
16724,4698
16274,2846
16733,3037
16757,3214
16769,1364
16743,23682
16273,20959
16275,13865
16791,476
16782,6854
16795,100
16790,522
16806,228
16800,1066
16315,7959
16807,2380
16810,3270
16812,27114
16821,134
16300,15533
16820,2224
16822,27663
16827,3396
16838,5089
16442,2249
16447,1700
16850,166
16849,933
16852,390
16844,13197
16855,4634
16854,17982
16356,4054
16326,5480
16882,14287
16380,2507
16910,1334
16911,1362
16912,3044
16345,13751
16928,1721
16934,2003
16919,7650
16388,826
16930,1944
16987,793
16989,625
16986,11043
16999,800
16991,14485
17012,12274
17056,180
17051,185
17059,581
16518,7402
16415,10311
16421,5122
17077,5030
17078,237
17067,7004
17079,1288
17087,2231
17102,225
17095,3436
17120,795
16422,18368
17103,4604
17122,848
17121,8858
17134,368
17130,6382
16483,4256
17169,309
17154,17958
16480,4224
17193,1329
17195,2554
17198,1806
17202,3481
17168,20155
17240,108
17245,27
17248,427
17256,869
17257,5024
17262,1387
16674,15043
16553,8144
17269,505
17270,3842
17272,2631
17268,16215
16642,26330
17289,3105
17291,2022
17296,581
17297,763
17302,514
17300,3183
16736,5653
17304,2784
17307,890
17310,2912
17313,2903
17314,709
16535,31546
16547,32471
16558,2104
17334,692
17320,4055
17341,818
17335,3082
17339,1824
17318,8373
17342,425
17353,349
17351,1148
17364,1244
17375,805
17367,519
17378,1360
17372,2793
17398,666
17355,5764
16603,12093
16559,30323
17410,6484
17431,770
17424,3392
17440,638
17423,6303
16564,10180
16815,13728
17442,3298
17453,5814
16705,2157
17466,874
17450,8134
17461,3236
17470,1658
17505,1502
17519,453
16768,14346
16876,6062
17515,13768
17565,1871
16707,13554
16774,20422
17562,8335
16826,15995
17546,17897
17719,392
17659,5358
17724,1841
17725,7675
16808,10501
17741,26605
16843,4023
17752,12795
16960,3834
17062,18987
17781,8841
17810,10685
17844,8016
16861,16083
16899,13267
17869,304
17862,18279
17880,8965
17131,1484
17897,6094
16894,19438
17123,22793
17901,1207
17911,6117
17900,17391
17015,9713
17303,3427
17920,14919
17924,692
17931,198
17949,743
17076,10776
17962,9032
17965,8176
17970,1067
17972,6959
17284,1565
17988,3981
17190,436
18002,2792
17264,705
18010,1097
17990,10200
18024,10001
18026,638
18028,877
18023,5620
17449,289
18040,1214
18031,4454
18046,3015
18043,2227
17260,9600
18039,10899
18047,2564
18049,2324
18060,2052
18057,2114
18090,1170
18096,1518
18100,3116
18109,1056
16509,12042
18115,5132
17454,21341
18143,883
18157,2047
18182,1375
18188,11745
17317,4360
18194,1171
17292,5019
18210,1275
18225,669
18230,1473
18214,1326
18246,1294
18240,1143
18217,8051
18292,715
18322,259
18271,5141
17401,6122
18352,6033
18366,859
18381,1065
18385,1104
18388,861
17396,9695
18391,1352
18389,3351
17740,13925
17514,18674
17618,2638
18414,2402
18390,4892
18425,1396
18439,622
18446,2080
18470,1905
18443,1999
18473,897
18434,6425
18475,302
18477,308
18433,5169
18476,1829
18543,1535
18474,2196
18554,315
18490,6596
18538,9856
17653,12492
17726,13276
18571,2158
18576,5303
18594,4489
17528,12727
17771,22213
18603,519
18602,1672
18633,2139
18627,3631
18641,151
18595,29139
18639,2924
18665,1818
18673,6497
17843,9191
17633,18467
18695,410
18701,2676
18685,2212
18707,5761
18706,2051
18720,227
18723,1170
17675,35960
18710,1950
18729,2540
18730,1463
18737,682
17750,4623
18739,2116
18823,7058
18824,1684
18825,1421
17791,14058
18885,3593
17867,28040
18894,7252
17902,8625
17888,25460
17917,8317
17914,23338
18081,28643
18996,1143
17915,20208
18997,1207
19019,4111
18338,1191
19030,190
18995,20155
19032,790
19041,766
19001,16519
19055,473
17992,9144
19004,27403
19064,1480
19046,16189
17955,15158
19088,12970
19117,15186
19127,14163
18070,8629
18091,16084
18402,4390
19198,1390
19207,1038
18131,5408
18079,16037
19201,24421
18110,16824
19271,15255
19261,14550
18564,15230
18553,25703
19358,8061
19369,322
18313,14799
19370,7371
19373,6979
18329,13390
17443,7853
18557,1317
19444,4425
19451,3203
19456,6943
19445,11730
18623,8038
19500,3480
18684,253
19532,7284
18738,1707
18549,3299
19535,1592
19565,3267
19602,1653
19615,536
18934,23087
19548,17838
19617,7910
19639,1541
19667,1625
18642,5968
18664,8777
19679,25360
19693,12848
19701,5789
19711,4313
19715,1687
19727,6502
19734,8394
19739,171
19740,506
18724,6605
19757,555
18733,1455
19763,19536
19809,1079
19813,1904
19765,12560
19821,774
19826,5761
18964,21052
18879,16747
19848,6784
19857,9437
19867,2861
18943,5179
19897,3224
18987,27342
19940,242
19941,1504
19948,2904
19903,23529
19958,424
19963,1429
19986,652
19987,1132
19988,2525
19989,4030
19166,2026
19991,1102
19992,1762
19994,440
19381,4694
20040,173
20041,193
20057,7145
20032,9276
20069,4351
20080,740
19147,5205
20089,5732
19068,7252
19021,8147
20108,1081
20132,4761
20142,1081
20145,707
19058,23829
20149,268
20127,5632
19047,14908
20158,3104
20187,5965
20192,1702
19455,21026
19499,24556
20203,1049
20202,4586
20208,19801
19137,30227
20221,2000
19189,15402
20237,1698
19291,20166
20269,4619
20286,532
19620,4711
20308,4404
19260,23817
20311,3842
20319,7555
19361,14197
20344,1170
20337,4532
20321,4546
19301,14334
20348,1189
20345,10958
19334,14545
19318,15421
20360,2640
20418,2116
20421,3203
20351,12414
20428,2782
20448,718
20408,10505
19665,18196
20405,16190
20484,531
20476,2802
20481,6671
19527,23728
19379,51721
20522,2263
19640,16608
20527,3254
20537,11499
20541,1407
19457,28071
19577,14035
20548,6889
20550,1682
20567,1073
20571,8453
20592,2200
20591,212
20584,12793
20596,3788
20601,193
19869,20507
19834,14854
20604,3311
20606,206
20619,399
20618,8499
20633,2479
19735,7548
20651,2067
19747,4577
20664,7122
20669,6552
20672,1336
20670,6701
20675,3370
20679,3776
19852,12538
20698,9498
20701,132
20700,2778
20703,3517
20206,15271
19960,26827
20217,12160
20708,4463
20709,4165
20716,1714
20741,2371
20751,60
20746,1880
20713,7629
20756,2381
19990,1755
20757,1498
20747,29923
20775,4783
20767,15512
20762,12855
20215,1709
20804,4068
20807,7433
20815,327
20813,4070
20829,1961
20469,8960
20113,7510
20833,6604
20835,6626
20864,8130
20312,12119
20290,11960
20890,634
20900,1875
20076,33165
20892,2847
20886,2523
20932,233
20964,417
20925,1105
20125,6629
20840,25476
20985,6276
20188,27073
20966,10402
20997,1600
21012,1260
20566,3360
20155,18207
20218,8823
21019,13001
21021,14785
21037,2207
21031,4071
21053,84
21049,3665
21052,217
21060,238
21051,2189
21026,11771
20226,8207
21174,2844
21180,6693
21181,14470
20435,5609
20540,10513
20603,11428
21210,11235
21211,10677
20515,654
20487,9993
20455,20163
20517,5027
21242,14265
21243,12695
21269,1621
21288,641
20513,9802
20677,4753
21306,4016
21332,3396
20595,1414
21373,20140
21362,20315
20597,8936
21444,11731
21458,484
21454,474
20760,10605
21465,3985
21466,1509
20642,7877
21473,17483
20682,1687
21511,5401
21482,15039
21559,1710
21504,13137
21572,195
19831,28165
21573,5015
21582,497
21615,7341
21620,4736
21628,1070
20860,8951
20707,10515
21641,3064
21642,633
21636,15417
21683,3018
21685,6009
20796,16376
20905,20704
21694,7301
21699,10333
21018,2561
20787,22085
21703,8023
21702,13248
21765,2134
21745,2700
21793,538
21787,7744
21790,5232
21780,11297
21810,2456
21813,720
21820,331
21851,699
21871,3841
20786,16373
21873,1479
21886,871
21876,1664
21916,1442
21966,398
21888,3980
20994,19875
21978,7389
21995,3984
20970,1831
22036,552
22039,2544
22049,6055
20979,36105
20952,21057
22068,5388
21111,9131
22104,330
22117,119
20993,7189
22115,467
22120,836
22109,4802
22135,18026
21240,13088
22148,1777
22156,1002
21113,3016
22149,6182
22189,2691
22211,346
21114,14301
21197,26487
21292,15558
22217,11690
22284,14068
21287,8638
21241,34092
21302,9068
22336,454
22371,286
22351,2796
21453,24561
21212,31990
22443,464
22316,27311
22400,1422
21255,20991
22452,1678
22481,2325
22459,1988
21247,19331
22494,1145
20396,17594
22493,4796
22473,8707
22507,3701
22538,636
22575,280
22519,3272
22416,27558
22506,9701
22589,4879
22468,16352
22611,1460
22588,5023
22512,10875
22684,170
22655,4086
22727,944
22614,20180
21550,6291
22753,1907
22756,793
21383,29510
22790,11020
22798,1422
22811,4213
22800,6025
22829,1382
22817,9135
21566,16089
21443,1377
22943,12636
21711,8715
22994,1232
21560,6612
21713,6606
22995,4900
22997,19133
23006,10385
22003,7625
21632,12254
21791,32591
23224,297
23035,7192
21809,11639
22055,9373
23265,744
23272,138
23255,11288
22093,10981
23297,3051
21949,2204
23307,2330
23309,393
21979,8078
23313,2419
23275,13917
23300,7800
23334,14101
23376,705
22219,13909
23347,5695
23478,738
23486,1096
22308,11288
22018,19686
23420,11769
23519,2617
22122,12136
23547,7721
22309,12174
23575,5119
22141,2699
23624,3066
23669,1420
23673,1110
23660,10380
23677,450
22216,2787
23721,11574
23723,8959
23734,5421
23739,2607
23746,981
22831,4147
23761,894
22196,33046
23770,157
23769,186
22278,30373
23758,4135
23787,717
23790,3549
23789,6275
23767,9575
23794,452
23793,2005
23792,3950
23803,1851
23804,2699
23806,3699
22413,12927
22626,8507
23807,10174
23809,481
23810,840
23812,138
23811,543
23813,684
23819,668
23816,245
23815,3268
23825,353
23827,729
23826,270
22751,1074
23829,1299
23830,707
23833,128
23831,1706
23834,325
22492,13902
23836,173
23835,739
23851,3245
23852,778
23808,36142
23854,2631
23853,8540
23855,1722
23828,19040
23858,525
23856,1941
23873,664
23875,255
22680,12232
23896,44
22591,11041
22702,21432
22742,7496
23933,799
23936,2739
23937,3214
23932,3486
23957,280
23956,308
23958,1064
23959,1611
23906,16460
23979,4532
24009,259
24008,219
24001,2237
24010,297
24011,823
24012,510
24013,337
24018,728
24015,1058
24014,410
24017,2769
24019,1694
23005,12288
22918,19348
24033,3433
24050,151
24053,752
24054,152
24055,521
24056,581
24058,119
24057,392
24059,1655
22954,25090
24028,25040
24060,11402
24068,606
24064,2585
24067,1693
24069,2769
24071,1252
24073,5705
24074,4418
22989,31419
23010,10285
24099,702
24100,1425
24101,1356
24102,2683
24103,6153
24119,11006
24120,2816
24122,2230
24123,3248
23440,17699
23033,40093
24146,2285
24148,3250
24149,3038
24152,558
24153,634
24154,414
24155,571
24156,2096
24158,6113
23348,11137
24170,22228
23725,8276
23229,16382
24182,1988
23301,2066
24183,2292
24193,2430
24194,1366
24195,1876
24197,761
24171,16158
24196,432
24198,632
24176,11054
24206,1058
24199,3013
24219,759
24220,2199
24218,1806
24227,1012
24228,821
24221,1526
23372,9251
24229,2023
24242,1387
24244,3653
24264,174
24231,4504
24273,345
24272,1253
24275,295
22936,20882
23508,12388
24285,482
24274,319
24283,717
24286,984
24302,1572
24284,4205
24303,1006
24309,1169
24297,5261
24311,343
24310,1008
24308,4150
24312,497
24333,2265
24334,614
24336,415
24319,3326
24337,330
24338,217
24339,1194
24341,1029
24340,4053
24342,357
24343,3047
23537,5486
23512,11697
24353,1542
23550,15241
24382,1099
24381,454
24387,105
24380,646
24384,1874
24383,997
24397,269
24419,1638
24423,655
24425,3182
24365,6538
24427,3045
24429,1547
23791,6763
24445,722
24355,15149
24434,3767
24430,3845
23805,33214
24473,478
24464,2733
24455,6870
24509,1676
24516,3059
24472,22032
24519,384
24020,8081
23672,10293
24557,384
24546,3684
24565,239
24576,1002
24592,665
24593,937
24597,13746
24614,3388
24600,10510
24625,2948
24623,4994
23880,17433
24636,8064
24639,5684
24642,870
24630,19151
24644,1138
24645,2859
23757,14624
24666,1939
24683,1986
24684,1370
24686,513
24687,1033
24685,2776
24688,1496
24730,476
23916,8102
24744,834
24750,230
24027,12305
24760,181
23823,1656
24797,2537
24755,12687
24820,1148
24905,1307
24845,4226
24927,2576
24921,2353
24955,2642
24968,4157
23844,10939
23867,30123
23922,21624
25020,1080
25022,1759
25002,12294
25055,4476
25061,4111
23960,1250
24086,2431
24061,1313
25114,275
25117,818
25130,988
25133,128
25134,1855
25101,23975
24072,1954
25156,69
25159,31
25135,3545
25162,1016
25157,322
25123,12078
25257,1762
25310,28393
25320,2015
25348,516
24267,1881
23503,19985
24124,3326
24140,20069
25417,10885
25408,29636
24159,3015
25440,2289
25446,3048
25428,18341
24507,24825
25457,8207
23235,31506
24650,5333
24252,714
25491,8051
24347,384
24540,16356
24260,17747
25506,7996
25493,9720
24428,1017
25508,6865
25533,1265
24326,30136
24503,16919
25530,5061
25622,1237
25609,3349
25523,11180
25538,5815
24849,15356
25663,5085
25625,3155
25662,10760
25701,1779
24517,9002
25695,6424
25732,1791
25671,11232
25730,11910
25757,2740
25764,884
25776,10062
24518,18006
25789,3286
25795,138
24643,3254
25798,6336
25808,1879
24994,14096
25814,2710
25815,1036
25819,5744
25823,264
25822,2511
25837,408
24653,6187
24742,8832
25848,473
25849,328
25839,12632
25857,1037
25093,9710
25866,2697
25876,1770
24986,7327
25877,2703
25867,10768
25893,8559
25879,7628
25912,7444
25929,1136
25254,16327
25945,2711
24953,13456
25147,2331
25946,11766
25951,5731
25970,8491
25986,1190
25984,8689
25169,13426
26002,1724
26022,1843
26010,12459
26035,1752
26039,1116
25071,8976
26054,2322
26056,3357
26071,1274
24207,20147
26078,18149
26082,959
26081,5259
26085,220
24095,27799
25389,18118
26090,3174
26091,11613
26157,3845
26158,1260
26159,1769
25391,24451
26167,994
25473,25827
26171,18574
26179,987
25433,22715
26181,7302
26184,2250
25427,17879
26192,840
25525,13511
26193,5248
26200,1864
26199,5246
25452,19397
26221,501
26225,4337
25445,20295
26230,2829
25458,27197
26252,454
26255,1073
25813,14072
26259,6331
26265,2004
26264,1663
26278,311
25740,20426
26275,2674
25674,1054
26289,1420
26292,419
26296,2538
26304,1893
26284,15703
26307,1114
26318,255
25480,7832
26360,97
26361,762
26366,344
26367,3801
25901,5791
26370,1558
26368,16213
26386,4211
26408,6001
26415,2005
26416,1746
25645,12844
25507,40770
25721,14978
25783,7213
26451,318
26455,673
25624,27117
26444,11357
26470,678
26475,231
26474,2522
26458,9572
26502,2983
26479,6975
26514,1987
26532,5738
25894,924
26540,257
26541,1381
26543,198
26546,431
26542,6544
26552,14244
25816,45057
26555,6482
26560,943
26565,2183
26558,3193
26571,2004
26581,2353
25914,9410
26675,821
25832,15955
26709,9315
26049,9573
26034,2842
26743,29862
25938,33401
26161,3999
26771,1530
26773,2695
25991,1464
26790,5910
26792,1088
26786,14444
26800,4498
26074,12333
26824,3259
26828,12392
26104,13941
26920,5036
26926,2492
26243,12688
26941,6013
26129,10171
26185,5405
26968,2015
26954,10729
26169,1454
26970,7669
26186,1702
26980,7834
26984,5263
26983,17933
26202,7986
27007,5890
27016,71
27011,1562
26992,8569
27031,554
26989,17382
27060,1222
27057,3702
27064,400
26388,7958
26219,24960
26232,19476
26531,1656
27076,2858
27080,2096
27073,10020
27079,9924
27074,14394
27083,3407
27084,3690
27092,6118
26272,6349
27094,5329
26438,1700
27100,7048
27103,1397
26287,11038
27098,6857
27097,9610
27109,717
27105,2298
27156,3237
26308,18071
27157,1331
27158,1639
26354,3709
27198,6763
26442,1004
26535,1606
27228,6358
27159,16105
27248,9502
27288,9511
27278,11279
26667,30363
26435,839
26748,21583
26517,2672
25734,34355
27485,485
27358,28413
27548,18208
27563,1337
27574,524
27451,11083
27595,1759
27421,21926
27628,2822
26779,25969
26582,17165
27636,8444
27640,8525
26822,5773
27648,4471
27655,3068
26683,28228
27670,3603
26741,13172
27681,11196
27773,1675
27717,8221
27786,2616
26940,19568
27797,3739
27802,1546
25936,23318
27846,289
26750,18679
27848,7051
27875,11442
26830,20836
27903,675
27917,1600
27926,1112
27071,16600
27946,757
27951,7612
27954,25117
27972,2783
26977,11820
27013,1816
26942,7386
28018,6256
28156,892
28013,8791
28164,148
28118,8736
28172,6137
28195,4286
28211,610
28176,15390
27208,7668
28220,3792
27069,23947
28222,10949
28269,8939
27070,13711
28322,1300
27019,29133
27289,8387
28330,5984
28329,14409
27338,27634
27085,8154
28334,16839
28343,7430
28354,5185
27318,21244
28379,902
28360,3486
28380,5542
28355,8885
28377,13555
27087,8219
28407,2271
27152,4541
28435,1085
28413,6230
28441,5545
28443,12040
27102,6047
28456,11516
28464,8783
28485,703
27337,11147
27238,13295
28525,8184
28577,1936
28573,8916
27308,35877
28588,1332
27784,8833
28596,7618
28607,4660
28608,1706
28606,11495
28623,7977
27557,1757
28631,3227
27633,18333
28667,2650
28671,1777
28672,2745
28680,570
27611,7747
28677,897
27619,19700
28698,10944
28706,4795
28701,11811
28724,896
27641,10825
28731,1396
28752,6943
28754,2627
27643,18387
28765,6599
27687,19536
28779,209
26909,38020
27977,15938
28805,592
28820,3536
28812,3135
28810,6009
28824,1242
27791,5847
28834,2578
28892,1953
28876,6674
28855,12093
28866,7861
28913,4334
28912,3690
28952,2207
27884,13330
29007,1751
28954,7412
29043,223
28953,20725
29072,468
27808,11555
29010,8736
29098,8924
29103,4980
28208,11947
29190,7030
29198,1354
29201,473
29193,12713
29200,2178
29222,2050
29236,2299
27936,16179
28267,13915
29349,1023
29355,513
28223,917
29366,6093
29376,26551
28366,6235
28327,6300
29408,11376
28217,5372
29450,3068
29458,1325
28504,18291
28584,2707
29483,3642
28565,21942
29455,7699
29494,4271
29491,5069
29536,788
29558,358
29570,66
29441,11987
29602,254
29550,1580
29578,463
29593,418
29490,13361
29630,1382
29644,3117
28398,10305
29603,6594
29645,356
29668,160
29646,3207
28405,5922
28320,18737
29780,6934
29669,2408
29774,1400
29785,3362
29782,8255
29778,14797
29781,8752
29848,5703
28381,16728
28392,5826
29943,4718
29942,4904
29990,1661
29988,2911
30004,4400
30000,6417
30005,7329
28462,1908
28617,18012
28523,6766
30027,18890
30028,10036
30036,119
30034,3352
30029,11716
30054,430
30039,4154
30038,15810
28721,7620
28761,2950
30084,1182
30086,5017
28630,22396
30097,77
30085,4469
28699,9529
28690,1160
30108,11952
30138,5602
30128,24843
28771,754
30262,445
30266,1193
30265,2906
30267,1797
28722,12189
30271,433
29305,8474
30269,9741
30274,4187
30273,11864
30283,88
30278,3070
29175,839
30317,1820
29323,14833
30327,9017
30372,2002
30354,4071
29353,20553
30391,21556
28990,2283
30440,1849
29074,7527
30410,7423
28931,6691
30475,7491
30512,826
30523,534
30515,1598
30502,8808
30525,332
30524,2776
27862,29946
30479,12956
30527,12066
29268,15857
30519,17436
30564,1872
30571,337
30575,5619
30535,39646
30581,2221
29927,12746
29823,7231
30638,7500
30674,494
29378,14732
30691,289
30756,1698
29631,17846
30765,15338
30766,5761
29551,10342
30775,6277
30769,10124
30796,4634
30795,13102
30059,13492
29594,11057
29656,5576
30813,11224
30830,1836
30854,2017
30883,454
30889,913
30864,5670
29618,22349
30895,1536
30849,14057
30896,3455
30908,2339
30938,364
30930,6296
29922,30999
30963,1539
30979,6233
29838,22661
30061,2777
30006,5209
31034,7312
31038,805
31035,8715
31040,858
31058,12756
31069,15127
30007,15811
31079,1711
31086,2665
31095,197
31119,5235
31120,2755
30057,8892
31131,14812
31134,456
31136,763
30188,16073
30387,6691
31171,1037
31176,1611
31165,17786
31182,7843
31193,3244
30072,15134
31222,3754
31236,716
31204,8481
31232,6974
31255,3260
31258,6202
31291,1167
31298,1420
31316,441
31322,1909
30543,22136
31339,2289
30158,9896
30275,11308
30118,21576
30227,23019
31352,517
31351,2406
31362,12183
31368,1388
31350,18341
31365,7184
31372,4377
31386,854
31390,992
31371,7143
30604,239
31408,3911
31433,179
31455,758
30536,10040
31454,3001
30437,7222
31459,9377
31468,3842
31477,238
31471,7012
31460,9836
30304,22477
31485,13660
31504,517
31505,3453
30307,13898
31522,5206
29265,27118
30570,21830
31523,17767
31550,1406
30526,4846
31554,2236
31535,4921
31563,2114
31556,5230
31532,12582
31557,13741
31574,3425
31575,3614
31573,6888
31586,13773
30582,2692
31627,4585
31629,2648
30951,5957
30625,14058
30801,1108
30984,20956
31776,12293
30683,1013
31784,3377
31126,2780
31799,1268
30797,2846
30903,13462
31798,1114
31800,3992
31801,10218
31805,1688
31803,8096
31806,6674
30809,20016
31875,197
31904,988
31816,19636
30892,5062
31853,13491
31920,9689
31088,12999
31923,8979
31030,4056
31015,4039
31928,9289
31927,15024
31979,10658
31416,437
31075,11395
32015,15046
32031,13948
31389,10258
32045,11142
31453,21210
31348,2730
32047,6036
31153,6077
32058,1294
32053,1003
32095,458
32065,977
32096,1731
32094,6515
32097,8189
32098,11924
31496,20445
32121,2162
32127,14689
32160,2925
32168,1003
31272,841
31253,8732
32211,5379
32252,3966
32260,3112
32279,5244
32285,393
31341,11793
32242,8044
31360,7638
32307,7365
31501,9485
31509,15760
32408,12232
31502,19300
32412,4168
31752,35405
31611,7691
32430,605
32428,740
32429,16270
32433,1700
32413,19563
31607,5740
31593,5514
31577,7166
32491,3874
32490,2324
32503,1917
32493,529
32516,1146
32525,1085
32524,2731
32550,397
32555,695
32519,5789
32569,4391
32570,6625
32581,2091
32579,9433
31793,33078
32618,567
31843,16747
32638,3438
32641,10327
31740,16963
32668,25328
32671,2531
32673,677
32679,1285
31750,22776
32685,4048
32690,258
32697,5584
32699,928
32703,4081
32048,9745
31908,3697
32713,7139
32723,87
31922,18479
32714,3328
32037,16564
32737,7450
32774,2485
31797,19951
32775,1775
32767,13556
32802,2255
32808,112
31918,12921
32147,198
32092,3781
32788,10673
32794,4710
32776,6832
32898,983
32838,1384
32899,492
32836,9179
31924,11740
32902,1635
31921,14350
33056,7978
33065,1709
33057,10547
33093,3329
33091,4753
33117,956
33110,1684
33124,3218
33060,28582
32003,5518
33133,1891
33138,6222
33149,1717
33161,850
32375,15711
33163,12814
32043,7484
32173,17570
33187,13945
33266,2007
33230,821
33267,2226
33270,3949
33273,540
32099,10425
33277,21167
32298,18224
33290,1071
32411,486
32359,8327
33299,14960
32388,13190
33302,11615
33446,2354
33433,11562
32442,9969
33449,5459
33507,3098
33422,19556
33436,20049
33521,21523
33560,561
33536,9766
33573,6768
32374,28728
32585,8255
33591,6395
33592,455
32680,2383
32472,10212
33599,1448
33596,10214
33612,1700
33617,3696
32443,17942
32652,7318
33632,19781
33669,184
33671,661
33658,9890
32706,16080
33683,6224
32603,25560
33689,1725
33701,4100
33703,4493
33716,2553
33685,30813
33719,3408
32597,36671
32616,22722
31717,31773
33804,14674
33807,3421
33812,2008
33805,5230
33810,701
33822,1444
33823,958
33820,10174
33832,4952
33833,7892
32908,18024
33875,2276
33896,2910
33132,4139
33900,9349
33907,418
33904,4922
33905,2496
33908,1680
33913,287
33915,1256
33130,12607
33925,4880
33943,121
33952,3339
33917,17602
32897,12758
33967,4191
32901,17821
33972,2576
33974,5688
32917,10841
33992,159
33994,3207
34002,742
34039,6937
34051,917
33119,12970
33166,36576
34054,1934
33121,6429
34057,1033
34074,3293
34077,2028
34095,5105
34078,8918
33522,35937
34108,5572
32005,16533
34113,5922
34122,1029
33265,37858
33175,14390
34126,3656
34119,22463
34130,4350
34150,9671
34134,17640
34128,18111
34154,1070
34203,3571
34155,13272
33276,13306
34238,478
34241,562
34244,9901
33278,18205
34289,17366
33583,20569
33618,1803
33684,11788
33580,3489
34351,3795
33531,600
34350,23426
34363,170
34360,6240
34355,4327
34384,576
34387,133
34389,269
34395,1431
34381,5115
33523,27909
33589,33107
34421,6694
34454,938
34352,28857
34446,1468
34488,2687
34491,848
34415,21676
34519,512
34523,428
34452,8805
34536,564
33594,14010
35503,3795
35504,1633
33603,15630
35835,15999
36487,15103
33870,12282
36556,1307
33783,15668
36540,10011
36586,3250
36579,6272
33670,8577
36595,5740
36615,4658
32742,37591
36594,5658
36647,3533
36636,16578
36646,8402
36674,731
36668,6234
36679,3624
36684,3083
33825,7617
36691,735
33954,16189
33718,7893
33726,11751
36732,2841
36751,1759
36739,2143
36717,11723
36762,1449
36769,378
36755,2821
36770,378
36772,327
36778,907
33918,3074
34105,6340
33957,1269
36821,757
36791,14374
36822,548
36812,15899
36840,855
36845,2748
36819,1548
36854,3161
36882,3097
32817,33919
33971,8529
36897,3004
36901,3903
36907,836
33983,413
36911,207
36900,15938
36909,791
36885,24156
36951,298
36942,1756
36948,6638
36972,3442
34071,26549
36986,7297
36917,19641
34052,18236
37009,253
37015,7412
34212,4976
37034,1958
37037,1117
34104,31488
37067,6324
37045,3714
37077,408
37087,170
37105,599
37068,2021
37124,338
37142,2732
37139,8067
37145,1548
34131,4576
37162,2921
37175,2422
37185,1111
34340,15422
37190,2610
37201,1765
37206,4000
37211,5431
37229,175
37241,84
37238,1350
37222,6091
34226,7814
37242,8115
34542,11929
37252,6507
34164,7873
37258,14425
37265,2199
37266,1933
37262,2271
35061,13553
37283,2254
37274,13071
37290,6169
34273,24300
37301,2600
34494,8328
37323,923
37325,10763
34310,5355
37340,1242
37332,10395
37346,288
37342,12229
36685,431
37366,242
37365,66
37358,4465
36592,14158
34361,17397
37395,3087
37399,2074
34458,1488
37389,10299
37404,6683
34399,24747
37407,6652
37408,5219
37409,3386
36688,619
36648,14447
37432,3660
37459,3167
36753,14529
37462,3313
37428,16608
37500,2949
37523,879
36511,19869
37524,1195
37472,7389
36623,11218
36787,19566
36893,1451
36768,7502
37551,1473
37548,10691
36741,15907
37554,499
37558,6170
37561,5454
36877,14109
37574,9606
37587,875
36976,2244
37588,3876
37625,1596
37635,2911
36999,3973
37599,6886
37662,468
37665,248
37667,217
36995,12632
37666,301
37032,22233
37663,1252
37661,3904
37689,230
37670,3895
37653,17518
37669,5996
37731,3524
36960,3477
37747,1116
37727,13852
37757,2374
37243,13507
37749,3898
37760,3818
36985,1602
37762,7562
37773,12562
37756,12136
37787,7671
37765,17364
37799,6593
37807,1077
37869,1076
37328,4330
37870,9139
37891,3872
37899,2372
37931,3565
37143,5998
37932,1801
37938,1622
37934,19075
37943,3045
37945,872
37944,1082
37147,7068
37963,7230
37351,4921
37413,2379
37973,24765
37256,11167
38042,2299
37998,25620
38056,1287
38053,4432
38070,449
38050,6318
38088,789
37313,18299
37261,42003
38099,937
37275,5020
38130,2285
38117,6642
38134,4163
38123,6741
38144,1140
38145,4705
37410,15373
38147,4575
38197,2000
38176,2613
37357,12521
38230,55
38233,1311
38231,2496
38234,1369
38239,690
38253,630
37406,3403
38262,3445
37304,18841
38290,589
37397,5841
38292,101
38294,305
38288,3868
37479,1256
38293,7147
38298,4813
38308,1626
38311,217
38299,6409
38274,34431
38341,2337
38344,399
38367,9897
38334,12844
38378,608
37536,25973
38418,536
38419,1313
37527,12538
37522,6126
38433,333
38434,484
38422,7276
38447,874
38446,992
38455,6140
38477,4433
37533,4668
38527,988
38522,3482
37563,11446
37534,14096
38563,1383
38459,9648
38585,7691
38710,867
38715,936
38717,194
38719,90
38721,544
37535,21570
38743,9086
38746,1131
37802,12404
38751,1149
38748,22337
38769,6271
38774,804
37875,352
38772,5791
38779,2220
37559,24
38796,941
38773,7660
38797,4086
38783,1210
38800,366
38802,2020
38817,3111
38823,2033
38830,661
38843,257
38842,187
38846,3698
38851,1284
37652,6653
38856,1145
38860,2105
38866,344
37736,1969
38880,424
37398,23527
37782,7921
38881,9275
38889,9507
38895,4362
38910,889
37729,7984
38927,4006
38932,2768
38935,12110
38938,4749
38948,3377
38953,1722
37794,3378
39004,751
37770,14841
38999,4270
39014,2111
39017,5978
39010,13284
38218,13003
39034,18169
37981,7444
39039,5061
39040,8584
37939,1015
39049,2337
39051,367
39047,3478
39052,5684
39058,1574
39064,1199
38078,4974
39071,4339
39082,1393
38264,16745
39088,627
39075,20255
39096,2120
39108,874
38020,7057
39102,2682
37978,2942
39124,480
39163,356
39116,2201
39185,232
39183,1256
39149,3414
39190,1779
39194,2337
39201,995
39195,2778
38091,5522
39218,926
38204,418
39217,993
39225,313
39230,604
39120,8907
38375,12806
39239,257
39287,1219
39209,9553
39341,555
39283,13269
39345,3897
39220,9445
39311,8730
39360,1509
39368,418
39363,648
39385,316
39399,1002
39300,7441
39380,3831
39432,1097
39398,4204
39448,1014
39451,255
39425,11969
39449,6060
38172,14920
38166,7491
39482,657
39570,3707
39606,2397
39569,10684
39608,2986
39620,1026
39616,10088
39648,957
39657,3818
38581,3928
38368,2335
39661,5478
39665,2543
39673,1804
39687,1101
39690,4280
39660,27382
38301,35441
38398,16625
39731,6778
39733,172
39735,3665
39737,3457
39742,251
39732,8100
39744,4681
39749,3171
39760,406
39761,821
38707,1943
38798,4068
39763,3544
39768,6466
39772,1902
39773,657
38740,14120
38828,13919
39816,416
39764,15745
39803,8634
39825,2221
39817,3900
39824,6472
39843,1556
39841,275
38862,532
39838,275
38420,11870
39879,5924
39946,1681
39942,9214
38567,15541
40048,449
38776,16853
38577,18275
40119,3236
40149,1094
40019,19608
40132,4525
40148,3576
40176,16328
40212,694
38888,10500
40214,942
40217,538
40216,3191
40222,16636
38875,5751
40225,5223
40232,1907
40236,2384
40238,2189
40243,4547
39235,1763
40259,4235
40288,981
40261,4937
40287,2135
40290,1184
40291,2479
38988,1735
40292,1421
40294,949
40298,2215
40302,3316
40303,1734
39031,8695
40319,900
40304,6054
40322,6985
38939,3659
40305,10585
40381,111
40335,5449
40385,62
40372,1162
40384,131
40406,3335
38965,16040
40407,314
40353,13053
39470,12021
40415,4016
40400,21875
39027,13784
40420,3056
40418,3491
40419,4545
40441,1579
40443,117
40439,3847
40440,1280
40461,1311
40433,4133
40466,664
39434,559
39622,6185
39038,18410
40473,2917
40480,1419
39658,1697
40491,1259
40493,366
40494,1511
39356,13245
40506,238
39481,4741
40539,350
40546,1130
39086,8919
40501,9579
40589,517
40590,405
40575,1885
40547,6026
40591,478
40598,3044
40606,2827
40599,13397
40629,301
40548,34751
40647,231
40597,24191
40648,9022
39699,13413
40672,2061
40608,18419
40674,900
40881,558
40676,2332
39467,1167
41001,1463
41533,209
41528,8664
41523,17103
41538,1251
41544,3329
41536,12505
41566,19
39184,11174
41887,2242
41896,15475
41901,10930
40112,17072
39882,1558
41906,7183
39709,1924
41964,3022
41973,442
41976,749
41935,1921
41963,4623
41980,2573
41999,227
42000,328
42004,163
42001,3082
41992,3728
42009,1127
41987,9144
42029,7450
39753,2748
42046,1574
42064,4359
39762,4251
42072,247
42069,16472
39833,15091
40221,5391
42087,1480
42085,7379
42093,1513
39848,19943
42090,19765
42099,5823
42106,1600
39842,2723
42115,660
40158,1803
42108,3391
42136,2473
42137,2139
42127,16959
42120,20159
40020,26621
42149,217
42147,2311
40224,18516
40417,1960
42160,4502
42172,6682
42180,1522
42182,786
40203,24510
42185,16155
40289,1603
40455,9243
42198,5168
42212,1132
42213,2766
42221,259
42222,1553
42203,5869
42223,531
42224,1080
42225,675
42228,1452
42231,177
42229,795
40655,3591
42254,18108
40462,5173
42266,4017
42278,5067
40405,6177
42293,2189
42294,2028
42257,15098
42307,5356
42297,6254
42312,68
42311,2132
40444,9780
42318,787
42338,227
42317,5563
40479,4777
40471,27213
42298,11492
42361,2648
40377,4404
42383,1449
42363,6196
42395,3461
42357,17056
42419,1665
42437,387
42411,9341
40469,7384
42521,856
42529,184
42545,876
42551,614
42557,297
40628,4092
42560,603
42558,37893
42580,2032
42562,6822
41531,7487
42584,1690
42586,8327
42617,1681
42619,798
40486,5226
41535,11242
42621,9686
42635,11622
41881,6031
42648,1196
42649,3477
42650,8758
42691,8846
42706,32
42708,326
42098,7458
41562,26958
42721,693
42731,112
42716,6129
41902,2741
42746,296
42745,1181
42737,16044
42754,1341
42751,9810
42765,1056
42104,6508
42798,1432
42802,1246
42821,4153
42148,13611
42861,346
42031,20735
42878,2229
42083,15149
42880,1518
42886,2705
42042,6213
42897,2316
42874,9721
42068,15844
42895,3281
42890,3933
42909,1565
42904,4550
42959,23
42905,3504
42927,3168
42953,4632
42958,6068
42914,8802
42146,7807
42978,9124
43015,3480
43014,1989
43039,738
43051,2927
43055,12083
42230,2330
43073,7563
43078,2067
42178,15488
42159,2632
43089,1290
42154,14354
43104,765
43102,277
43084,9174
43088,8653
43098,11137
43125,5928
43113,2967
43149,2390
42194,17778
43181,1024
42179,28988
43240,2397
42518,2242
43248,472
43245,6927
43262,9707
39070,43775
43274,3280
43273,840
43279,3001
42345,5675
42238,9309
43294,393
42507,2002
43293,665
43310,251
43307,1267
43308,640
43322,139
43311,5748
43331,5393
42368,11309
42424,17024
43357,2409
42640,11254
43365,1178
43371,781
43378,243
42313,8154
43384,20516
43392,431
43382,21171
42374,19166
43395,18868
43413,8705
42607,8988
43418,5811
42583,4870
43425,235
43424,4636
43446,859
43421,10552
43449,26965
42758,8450
42636,16776
43456,4822
42620,8293
42730,11792
43461,7643
43455,29507
43465,6934
43464,7634
43000,2092
43469,2654
43474,3552
43484,2867
42707,10785
43485,8977
43486,668
43496,5078
42856,5656
43501,3822
42977,7155
43516,2459
43505,5791
43566,5333
43591,284
42012,27733
43592,1996
43596,3011
43608,1424
43616,1843
43655,756
43620,3184
43659,157
43673,134
43583,12870
43699,1990
43704,415
43667,4254
43724,460
43727,1087
42993,20085
42764,31967
43782,6448
43808,3633
43810,1086
43820,3940
43822,175
42971,9250
43823,10617
43825,819
43018,1328
43824,17139
43153,8040
43848,2502
43860,273
43861,1109
43870,1464
43872,205
43069,4083
43876,1999
43900,1029
43896,4431
43855,5261
43921,1274
43913,5342
43292,15165
43979,3089
